date,close_b,volume_b,close_eth,volume_eth,close_b_f,volume_b_f,close_eth_f,volume_eth_f
2021-12-01,57229.828125,36858195307,4586.990234375,27634826695,56990.0,6552,4594.5,5468
2021-12-02,56477.81640625,32379968686,4511.30224609375,21502671027,57175.0,5835,4543.25,5197
2021-12-03,53598.24609375,39789134215,4220.7060546875,25879591528,53545.0,11175,4214.0,6550
2021-12-06,50582.625,37707308001,4358.7373046875,28229518513,48960.0,9344,4206.5,4634
2021-12-07,50700.0859375,33676814852,4315.0615234375,22366213354,50600.0,4985,4298.5,2832
2021-12-08,50504.796875,28479699446,4439.35791015625,18704315119,50925.0,4851,4435.0,3211
2021-12-09,47672.12109375,29603577251,4119.81591796875,22296131874,47675.0,5159,4124.0,4318
2021-12-10,47243.3046875,30966005122,3908.49609375,28014595631,48490.0,6036,4040.0,3868
2021-12-13,46737.48046875,32166727776,3784.226806640625,23999841386,46595.0,6827,3745.0,5189
2021-12-14,46612.6328125,34638619079,3745.4404296875,23836759957,47870.0,5871,3831.0,2781
2021-12-15,48896.72265625,36541828520,4018.388671875,26411188833,49350.0,8301,4061.5,4239
2021-12-16,47665.42578125,27268150947,3962.4697265625,19825531254,48010.0,5529,4022.0,3362
2021-12-17,46202.14453125,32902725329,3879.486572265625,23143541098,46250.0,4533,3839.0,3462
2021-12-20,46880.27734375,30961902129,3933.844482421875,21589690675,47060.0,4303,3933.5,2752
2021-12-21,48936.61328125,27055803928,4020.260009765625,16388555198,48685.0,3998,4015.5,2287
2021-12-22,48628.51171875,24447979559,3982.099609375,13921756199,49045.0,2811,4005.0,1797
2021-12-23,50784.5390625,28223878108,4108.015625,18007273742,51060.0,4756,4128.5,2758
2021-12-27,50640.41796875,24324345758,4037.547607421875,11424360002,51275.0,5511,4098.5,1817
2021-12-28,47588.85546875,33430376883,3800.89306640625,17299472803,47755.0,7868,3823.0,4058
2021-12-29,46444.7109375,30049226299,3628.53173828125,15722555672,47370.0,6913,3746.0,3041
2021-12-30,47178.125,26686491018,3713.85205078125,12925377999,47170.0,6480,3721.5,3105
2021-12-31,46306.4453125,36974172400,3682.6328125,14157285268,47977.03125,3726,3789.39990234375,1995
2022-01-03,46458.1171875,33071628362,3761.38037109375,12080777893,45865.0,4161,3699.0,2319
2022-01-04,45897.57421875,42494677905,3794.056640625,14030925983,46305.0,5049,3824.5,2319
2022-01-05,43569.00390625,36851084859,3550.386962890625,18061338502,43830.0,8922,3579.5,3042
2022-01-06,43160.9296875,30208048289,3418.408203125,24293791313,43215.0,5222,3417.0,4512
2022-01-07,41557.90234375,84196607520,3193.21044921875,24494179209,41870.0,9276,3203.5,5117
2022-01-10,41821.26171875,32104232331,3083.097900390625,19535744145,41745.0,8665,3081.5,5773
2022-01-11,42735.85546875,26327648900,3238.111572265625,15211447193,42805.0,6191,3242.0,3603
2022-01-12,43949.1015625,33499938689,3372.25830078125,16662871689,43825.0,4068,3380.5,3831
2022-01-13,42591.5703125,47691135082,3248.28857421875,15294466275,42675.0,4068,3264.0,2765
2022-01-14,43099.69921875,23577403399,3310.00146484375,13562957230,43120.0,4202,3305.0,3098
2022-01-18,42375.6328125,22417209227,3164.025146484375,13024154091,41665.0,6821,3116.5,5847
2022-01-19,41744.328125,23091543258,3095.825927734375,13187424144,41575.0,6542,3106.0,6707
2022-01-20,40680.41796875,20382033940,3001.1201171875,10645922764,42675.0,7229,3190.5,5607
2022-01-21,36457.31640625,43011992031,2557.931640625,26796291874,38180.0,11781,2736.0,8154
2022-01-24,36654.328125,41856658597,2440.352294921875,28220804648,37220.0,16299,2461.5,12761
2022-01-25,36954.00390625,26428189594,2455.93505859375,16179776932,36855.0,8969,2435.5,4730
2022-01-26,36852.12109375,31324598034,2468.0302734375,21229909340,37060.0,10251,2517.5,8537
2022-01-27,37138.234375,25041426629,2423.001220703125,16126522783,35565.0,8331,2341.0,5884
2022-01-28,37784.33203125,22238830523,2547.092041015625,14666227351,37075.890625,5566,2424.570068359375,3409
2022-01-31,38483.125,20734730465,2688.27880859375,13778234614,38485.0,4094,2688.5,4449
2022-02-01,38743.2734375,20288500328,2792.1171875,13194846235,38585.0,4095,2774.5,3134
2022-02-02,36952.984375,19155189416,2682.85400390625,13876301217,37535.0,4396,2726.0,4603
2022-02-03,37154.6015625,18591534769,2679.16259765625,12755505065,36265.0,4222,2575.5,3115
2022-02-04,41500.875,29412210792,2983.5869140625,18987223729,40640.0,9595,2960.5,8983
2022-02-07,43840.28515625,28641855926,3142.470703125,15197063785,44235.0,7457,3156.0,4941
2022-02-08,44118.4453125,33079398868,3122.608642578125,17136080906,44340.0,5873,3124.0,4568
2022-02-09,44338.796875,23245887300,3239.45703125,13951308490,44855.0,4103,3266.5,3760
2022-02-10,43565.11328125,32142048537,3077.482177734375,18629485080,44180.0,8449,3113.5,5895
2022-02-11,42407.9375,26954925781,2927.383544921875,16043881065,42390.0,6220,2919.0,4234
2022-02-14,42586.91796875,20827783012,2933.47900390625,12164552172,42205.0,5402,2897.0,4136
2022-02-15,44575.203125,22721659051,3179.877197265625,13921257873,44215.0,4089,3123.0,4218
2022-02-16,43961.859375,19792547657,3127.830078125,12352406833,44175.0,3894,3158.5,3370
2022-02-17,40538.01171875,26246662813,2881.48193359375,15860206214,40900.0,6682,2898.5,4883
2022-02-18,40030.9765625,23310007704,2785.7275390625,15748173433,39945.0,7267,2786.0,4261
2022-02-22,38286.02734375,25493150450,2639.29931640625,16360200507,37915.0,12994,2600.5,8913
2022-02-23,37296.5703125,21849073843,2590.359619140625,13382637240,37660.0,9503,2616.5,4572
2022-02-24,38332.609375,46383802093,2598.067138671875,29312342666,38360.0,14197,2653.0,7173
2022-02-25,39214.21875,26545599159,2764.53564453125,17208902048,39202.08984375,6107,2701.489990234375,3597
2022-02-28,43193.234375,35690014104,2919.201171875,19266124733,42000.0,9471,2839.0,5147
2022-03-01,44354.63671875,32479047645,2972.485107421875,18757425786,44240.0,8747,2982.5,5117
2022-03-02,43924.1171875,29183112630,2950.118408203125,16636517503,43925.0,6395,2957.5,4250
2022-03-03,42451.7890625,24967782593,2834.468994140625,13091199728,42080.0,6109,2803.5,3604
2022-03-04,39137.60546875,28516271427,2617.156005859375,14496939024,39545.0,5656,2615.5,3244
2022-03-07,38062.0390625,28546143503,2497.771240234375,14594098731,37540.0,5831,2458.0,3712
2022-03-08,38737.26953125,25776583476,2576.74755859375,13922922903,38505.0,5230,2551.5,3983
2022-03-09,41982.92578125,32284121034,2729.783447265625,14173665398,41920.0,7469,2686.5,4000
2022-03-10,39437.4609375,31078064711,2608.048583984375,13292477213,39630.0,5922,2618.5,3401
2022-03-11,38794.97265625,26364890465,2559.56298828125,12382419582,38325.0,5471,2529.5,2573
2022-03-14,39666.75390625,24322159070,2590.696044921875,11244398839,38830.0,4213,2531.0,2746
2022-03-15,39338.78515625,23934000868,2620.149658203125,12861105614,39760.0,4604,2660.0,3125
2022-03-16,41143.9296875,39616916192,2772.0556640625,17915109769,40920.0,8470,2756.0,4492
2022-03-17,40951.37890625,22009601093,2814.8544921875,12685265194,40885.0,2547,2832.5,2897
2022-03-18,41801.15625,34421564942,2945.343017578125,15830879093,42095.0,5113,2974.5,3482
2022-03-21,41077.99609375,24615543271,2897.9765625,15206116098,41220.0,5712,2921.5,2599
2022-03-22,42358.80859375,32004652376,2973.131103515625,16830539230,42390.0,10059,2991.5,4030
2022-03-23,42892.95703125,25242943069,3031.067138671875,16008767658,42250.0,8001,2966.5,4279
2022-03-24,43960.93359375,31042992291,3108.06201171875,18070503166,43965.0,11117,3107.5,5133
2022-03-25,44348.73046875,30574413034,3106.67138671875,17030503831,44504.0,5774,3140.85009765625,2960
2022-03-28,47128.00390625,36362175703,3336.634521484375,20620450770,48190.0,6528,3433.5,2997
2022-03-29,47465.73046875,31397059069,3401.98779296875,19533323636,47930.0,4677,3453.0,3086
2022-03-30,47062.6640625,29333883962,3385.157958984375,15302506131,47240.0,4074,3407.5,2144
2022-03-31,45538.67578125,33327427106,3281.642822265625,17685495686,45735.0,5480,3298.5,2768
2022-04-01,46281.64453125,38162644287,3449.55224609375,20982988937,46550.0,5689,3484.5,3218
2022-04-04,46622.67578125,32499785455,3521.2412109375,18209969743,46085.0,5287,3506.0,2907
2022-04-05,45555.9921875,29640604055,3411.79248046875,16681503199,46140.0,7492,3470.5,3075
2022-04-06,43206.73828125,39393395788,3171.69189453125,25632563639,43775.0,7113,3221.0,5045
2022-04-07,43503.84765625,26101973106,3233.274658203125,16745496605,43380.0,4605,3221.0,2408
2022-04-08,42287.6640625,27215995394,3192.073974609375,17557050669,42715.0,5079,3237.0,4067
2022-04-11,39521.90234375,33949912166,2981.05224609375,21891804831,39955.0,5945,3005.0,5779
2022-04-12,40127.18359375,30991500854,3030.37646484375,20235707410,39290.0,5562,2969.5,4263
2022-04-13,41166.73046875,27691105228,3118.34423828125,16088473629,41120.0,5018,3089.0,4236
2022-04-14,39935.515625,24342001973,3019.909423828125,15821419931,39825.0,3012,2995.5,2714
2022-04-18,40826.21484375,33705182072,3057.606689453125,18629381299,40700.0,5796,3007.0,3470
2022-04-19,41502.75,25303206547,3104.1064453125,14156035096,41520.0,3695,3115.5,2807
2022-04-20,41374.37890625,27819532341,3077.745849609375,15547362265,41235.0,3726,3068.5,3365
2022-04-21,40527.36328125,35372786395,2987.480712890625,20783591093,41245.0,5772,3024.0,4615
2022-04-22,39740.3203125,28011716745,2964.835693359375,16782795477,39455.0,4525,2951.0,2573
2022-04-25,40458.30859375,35445730570,3009.3935546875,22332690614,40210.0,7333,3012.5,4829
2022-04-26,38117.4609375,34569088416,2808.29833984375,19052045399,38220.0,10107,2836.5,4471
2022-04-27,39241.12109375,30981015184,2888.9296875,17419284041,38900.0,6779,2857.5,3739
2022-04-28,39773.828125,33903704907,2936.94091796875,18443524633,39920.0,8547,2948.5,3095
2022-04-29,38609.82421875,30882994649,2815.601806640625,18771041399,38997.33984375,4974,2858.47998046875,3666
2022-05-02,38529.328125,32922642426,2857.410400390625,18609741545,38540.0,4364,2840.0,2452
2022-05-03,37750.453125,27326943244,2783.476318359375,13026093219,37635.0,4864,2770.0,2056
2022-05-04,39698.37109375,36754404490,2940.644775390625,18186749944,39900.0,8011,2958.0,3767
2022-05-05,36575.140625,43106256317,2749.213134765625,22642925048,36270.0,10002,2729.0,5236
2022-05-06,36040.921875,37795577489,2694.979736328125,21027599270,35925.0,5712,2684.5,3993
2022-05-09,30296.953125,63355494961,2245.430419921875,36333567678,30930.0,12896,2267.5,7329
2022-05-10,31022.90625,59811038817,2343.510986328125,38202099639,31280.0,7243,2356.5,6533
2022-05-11,28936.35546875,70388855818,2072.108642578125,45743399154,29195.0,19281,2105.0,11486
2022-05-12,29047.751953125,66989173272,1961.7015380859373,42463486402,28585.0,15142,1947.5,12103
2022-05-13,29283.103515625,42841124537,2014.418212890625,24816096567,30035.0,6899,2062.5,5635
2022-05-16,29862.91796875,32613897286,2022.7259521484373,21459552191,29505.0,6177,2004.5,4516
2022-05-17,30425.857421875,29101473475,2090.4091796875,18509929297,30000.0,7459,2042.5,4466
2022-05-18,28720.271484375,31285268319,1916.6561279296875,17740965589,29185.0,7228,1977.5,4271
2022-05-19,30314.333984375,33773447707,2018.336181640625,18734247914,29945.0,8809,1991.0,5578
2022-05-20,29200.740234375,30749382605,1961.315673828125,15892482289,29260.0,9098,1964.5,5224
2022-05-23,29098.91015625,31483454557,1972.181884765625,16434529708,29015.0,11285,1977.5,5196
2022-05-24,29655.5859375,26616506245,1978.9827880859373,13057109007,29305.0,11237,1956.5,5746
2022-05-25,29562.361328125,27525063551,1944.827880859375,13364545730,29535.0,9662,1949.0,6185
2022-05-26,29267.224609375,36774325352,1803.913330078125,23458681818,29315.0,12168,1826.5,7916
2022-05-27,28627.57421875,36582005748,1724.9228515625,25470760032,29042.23046875,8360,1789.550048828125,5304
2022-05-31,31792.310546875,33538210634,1942.3280029296875,18363115560,31650.0,14873,1933.0,8771
2022-06-01,29799.080078125,41135817341,1823.5693359375,21037797760,30035.0,7625,1818.5,5460
2022-06-02,30467.48828125,29083562061,1834.1505126953125,17065041354,30290.0,6669,1821.5,4046
2022-06-03,29704.390625,26175547452,1775.07861328125,14878001811,29535.0,6335,1745.5,3660
2022-06-06,31370.671875,31947336829,1859.2896728515625,16518471852,31490.0,9293,1862.5,7088
2022-06-07,31155.478515625,40770974039,1814.04833984375,24020076750,31045.0,11270,1843.5,5113
2022-06-08,30214.35546875,30242059107,1793.572265625,18041476023,30080.0,7937,1789.0,5051
2022-06-09,30111.998046875,21692004719,1789.8260498046875,12013083393,29945.0,4174,1780.5,2725
2022-06-10,29083.8046875,29867476527,1665.042236328125,18504740451,28920.0,8031,1663.5,8489
2022-06-13,22487.388671875,68204556440,1204.582763671875,45162788786,23110.0,18646,1224.5,18206
2022-06-14,22206.79296875,50913575242,1211.662841796875,33327826525,22125.0,16480,1204.0,13532
2022-06-15,22572.83984375,54912007015,1233.2064208984375,37539999450,21625.0,19873,1170.5,25686
2022-06-16,20381.650390625,31183975654,1067.730712890625,18907671369,20790.0,9773,1092.5,11624
2022-06-17,20471.482421875,27132421514,1086.519287109375,14591486540,20470.0,8720,1078.0,7857
2022-06-21,20710.59765625,28970212744,1124.8245849609375,15632089439,20860.0,18029,1122.5,15584
2022-06-22,19987.029296875,28574793478,1051.421875,15010593493,20105.0,13382,1071.0,7918
2022-06-23,21085.876953125,26188097173,1143.38671875,14657862919,20900.0,10083,1126.0,5195
2022-06-24,21231.65625,24957784918,1226.8447265625,16981552654,21206.900390625,7037,1204.5,7055
2022-06-27,20735.478515625,20965695707,1193.6806640625,12492225250,20800.0,5894,1194.0,5011
2022-06-28,20280.634765625,21381535161,1144.5792236328125,14023205651,20175.0,5868,1152.5,4642
2022-06-29,20104.0234375,23552740328,1098.94384765625,15386286815,20185.0,6703,1115.0,5208
2022-06-30,19784.7265625,26267239923,1067.298828125,16350755497,18760.0,10284,1014.0,7712
2022-07-01,19269.3671875,30767551159,1059.767333984375,17499453625,19315.0,10646,1062.5,6197
2022-07-05,20190.115234375,26715546990,1134.541015625,16195518291,20390.0,15041,1144.5,12923
2022-07-06,20548.24609375,24598943708,1186.9739990234375,15373536703,20275.0,5808,1150.0,5207
2022-07-07,21637.587890625,25814972520,1237.5933837890625,14230795894,21855.0,8758,1246.0,4500
2022-07-08,21731.1171875,49899834488,1222.5062255859375,16315929082,21765.0,9678,1239.0,3592
2022-07-11,19970.556640625,24150249025,1097.236572265625,12064180410,20455.0,7657,1138.5,3821
2022-07-12,19323.9140625,25810220018,1038.191650390625,12583282453,19315.0,7721,1037.5,5497
2022-07-13,20212.07421875,33042430345,1113.587158203125,18302588147,19615.0,12021,1074.5,6118
2022-07-14,20569.919921875,31158743333,1191.5262451171875,16688640823,20625.0,10781,1192.5,8342
2022-07-15,20836.328125,25905575359,1233.129150390625,17411448225,21190.0,6272,1266.0,7009
2022-07-18,22485.689453125,39974475562,1578.7178955078125,27440420623,21620.0,10033,1471.0,10490
2022-07-19,23389.43359375,48765202697,1542.9752197265625,27753529276,23460.0,11774,1563.0,11227
2022-07-20,23231.732421875,42932549127,1520.20068359375,22942708340,23695.0,10139,1551.0,8944
2022-07-21,23164.62890625,33631012204,1576.74951171875,20009556587,23230.0,7350,1580.5,7658
2022-07-22,22714.978515625,31421555646,1537.4051513671875,18926100582,22615.0,6639,1529.0,7218
2022-07-25,21361.701171875,35574561406,1445.3834228515625,20585056021,21885.0,10395,1496.0,7247
2022-07-26,21239.75390625,28624673855,1441.8067626953125,18238563509,20915.0,11713,1365.0,5584
2022-07-27,22930.548828125,31758955233,1636.232666015625,23007524016,22780.0,13017,1587.5,9195
2022-07-28,23843.88671875,40212386158,1725.4681396484375,27231399966,23805.0,11797,1726.0,7813
2022-07-29,23804.6328125,35887249746,1727.406982421875,23249531113,24082.44921875,7464,1730.6600341796875,5253
2022-08-01,23314.19921875,25849159141,1635.19580078125,16191371176,23030.0,5781,1626.5,4784
2022-08-02,22978.1171875,28389250717,1632.9454345703125,20426082309,23000.0,5487,1639.0,5667
2022-08-03,22846.5078125,26288169966,1618.87451171875,16786218830,23540.0,6020,1658.5,4231
2022-08-04,22630.95703125,25120229769,1608.205810546875,14467440626,22455.0,7914,1591.0,6226
2022-08-05,23289.314453125,28881249043,1732.254638671875,18546491876,22960.0,8818,1686.0,8296
2022-08-08,23809.486328125,28575544847,1775.51611328125,16841424404,23985.0,7581,1788.0,6235
2022-08-09,23164.318359375,23555719219,1703.0250244140625,16368619692,23060.0,8218,1691.0,6279
2022-08-10,23947.642578125,32837431722,1851.74267578125,23512477984,23655.0,9528,1821.5,8083
2022-08-11,23957.529296875,37127036580,1881.22412109375,23826986482,24245.0,9242,1904.0,6785
2022-08-12,24402.818359375,27265804688,1957.2464599609373,17168141904,24240.0,4938,1933.0,3971
2022-08-15,24136.97265625,35123501685,1904.2281494140625,20349931313,24000.0,7443,1892.0,5435
2022-08-16,23883.291015625,27753685646,1878.139404296875,15637578930,23945.0,5100,1882.5,4100
2022-08-17,23335.998046875,30931623076,1832.9996337890625,20308508124,23230.0,8565,1838.5,6119
2022-08-18,23212.73828125,23747613147,1847.0078125,14999352229,23335.0,3984,1870.0,2791
2022-08-19,20877.552734375,40509610260,1612.9873046875,25906358731,21230.0,11296,1699.5,5957
2022-08-22,21398.908203125,31666498758,1622.505859375,18557078599,20965.0,7314,1565.0,4996
2022-08-23,21528.087890625,31878280659,1662.7698974609375,18322041914,21490.0,8565,1649.5,5254
2022-08-24,21395.01953125,31962253368,1657.0592041015625,16780932907,21710.0,9887,1678.5,4097
2022-08-25,21600.904296875,31028679593,1696.45703125,14818795695,21565.0,7808,1706.0,3188
2022-08-26,20260.01953125,42326789564,1507.7828369140625,26713710143,21417.890625,13737,1659.4100341796875,8725
2022-08-29,20297.994140625,32637854078,1553.037353515625,17965837488,19965.0,7992,1515.0,5512
2022-08-30,19796.80859375,34483360283,1523.8388671875,21835784470,19770.0,7230,1528.0,6788
2022-08-31,20049.763671875,33225232872,1553.6849365234375,20591680941,20065.0,7256,1560.0,5471
2022-09-01,20127.140625,30182031010,1586.1767578125,16434276817,19695.0,7103,1550.0,5521
2022-09-02,19969.771484375,29123998928,1577.220458984375,17708478709,19775.0,9765,1536.0,6635
2022-09-06,18837.66796875,43403978910,1561.74853515625,22946059125,18635.0,15290,1551.5,10827
2022-09-07,19290.32421875,35239757134,1629.9063720703125,19560363854,18925.0,6749,1553.5,5608
2022-09-08,19329.833984375,32194477850,1635.34765625,17621046717,19260.0,7811,1634.5,5736
2022-09-09,21381.15234375,48469528171,1719.08544921875,20242323690,21345.0,16199,1710.0,7375
2022-09-12,22370.44921875,50212088965,1713.7652587890625,17688391310,22455.0,8764,1709.0,5844
2022-09-13,20296.70703125,51091116622,1580.7879638671875,23066821734,20240.0,15358,1584.5,10431
2022-09-14,20241.08984375,37872380889,1634.7550048828125,17897150206,19925.0,7625,1577.0,5725
2022-09-15,19701.2109375,36389011503,1471.6934814453125,26946275878,19730.0,7042,1494.5,14455
2022-09-16,19772.583984375,30123362273,1432.44775390625,16764804299,19575.0,6561,1427.0,5543
2022-09-19,19544.12890625,40177002624,1377.5413818359375,18712714223,19480.0,12241,1361.0,5667
2022-09-20,18890.7890625,36791346508,1324.38818359375,14722317220,18950.0,8868,1349.0,5007
2022-09-21,18547.400390625,46363793975,1252.6077880859375,20643507800,18980.0,15361,1320.5,8564
2022-09-22,19413.55078125,41135767926,1327.68017578125,18461527259,19295.0,9042,1323.0,6571
2022-09-23,19297.638671875,38896078052,1328.259521484375,18771106339,18745.0,9164,1289.5,6367
2022-09-26,19222.671875,44148798321,1335.3201904296875,16034549271,19180.0,11533,1326.5,5317
2022-09-27,19110.546875,58571439619,1330.127685546875,17870598937,19045.0,18567,1323.0,6904
2022-09-28,19426.720703125,53071298734,1337.410888671875,18994979566,19565.0,14508,1335.0,7449
2022-09-29,19573.05078125,41037843771,1335.65234375,13796915736,19405.0,10690,1334.0,4946
2022-09-30,19431.7890625,43975248085,1327.9786376953125,14250100093,19698.599609375,12261,1345.4200439453125,6021
2022-10-03,19623.580078125,30484729489,1323.439208984375,10153070907,19525.0,12200,1312.0,5549
2022-10-04,20336.84375,35887278685,1362.1265869140625,10139774963,20285.0,11729,1353.0,4243
2022-10-05,20160.716796875,33223790572,1352.837158203125,9774451820,20140.0,9665,1346.5,3797
2022-10-06,19955.443359375,34711412966,1351.70947265625,12033514861,20025.0,9200,1357.0,4543
2022-10-07,19546.849609375,29227315390,1332.5169677734375,10061619355,19410.0,11120,1324.5,4498
2022-10-10,19141.484375,27425022774,1291.337646484375,8794491050,19125.0,7446,1302.0,3794
2022-10-11,19051.41796875,28711532910,1279.57568359375,9274845260,18900.0,9226,1277.5,4514
2022-10-12,19157.4453125,24950173846,1294.9063720703125,8355638578,19095.0,5182,1294.0,3409
2022-10-13,19382.904296875,44219840004,1288.1239013671875,17499038202,19360.0,23505,1282.5,9225
2022-10-14,19185.65625,38452356727,1297.422119140625,13113767755,19110.0,14027,1295.5,7083
2022-10-17,19550.7578125,27472552998,1331.713623046875,9401189650,19515.0,7538,1323.5,3841
2022-10-18,19334.416015625,30580012344,1310.447021484375,10416747806,19180.0,8664,1297.5,5274
2022-10-19,19139.53515625,22425387184,1285.7442626953125,8350692785,19200.0,5612,1295.0,4017
2022-10-20,19053.740234375,24493974420,1283.200927734375,9009111996,19030.0,9380,1282.0,5467
2022-10-21,19172.46875,32459287866,1299.9464111328125,10412565245,19195.0,10597,1301.0,6091
2022-10-24,19345.572265625,30202235805,1344.99853515625,13092820173,19340.0,11740,1345.0,6817
2022-10-25,20095.857421875,47761524910,1461.6654052734375,25367291294,20305.0,18642,1495.0,10274
2022-10-26,20770.44140625,58895950537,1566.566650390625,32705548427,20780.0,16618,1567.0,8263
2022-10-27,20285.8359375,49625110402,1514.3748779296875,22813499245,20625.0,10277,1563.0,4746
2022-10-28,20595.3515625,43994715910,1555.4779052734375,19974623205,20478.439453125,8559,1533.8599853515625,5000
2022-10-31,20495.7734375,45668466815,1572.7144775390625,19306919714,20380.0,7208,1566.0,4694
2022-11-01,20485.2734375,39819303159,1579.70458984375,14507311208,20480.0,4663,1579.5,3247
2022-11-02,20159.50390625,55552169483,1519.7117919921875,23254218281,20265.0,9266,1537.5,7010
2022-11-03,20209.98828125,43228750179,1531.541748046875,14248351007,20285.0,7002,1546.0,3421
2022-11-04,21147.23046875,64072727950,1645.0933837890625,20806964347,21155.0,16426,1650.0,7196
2022-11-07,20602.81640625,53510852236,1568.59130859375,15279963349,20845.0,6250,1602.5,3979
2022-11-08,18541.271484375,118992465607,1332.8355712890625,42048003440,18080.0,44896,1308.0,29223
2022-11-09,15880.7802734375,102905151606,1100.1697998046875,38864492427,15615.0,29101,1134.0,22384
2022-11-10,17586.771484375,83202283721,1299.464599609375,28581002122,17780.0,18015,1309.0,10068
2022-11-11,17034.29296875,55871616488,1287.2210693359375,20920539099,16050.0,12252,1209.5,6770
2022-11-14,16618.19921875,49630243054,1241.604248046875,15028035663,16005.0,7191,1193.5,4703
2022-11-15,16884.61328125,36599436183,1251.7362060546875,11798011594,16690.0,7408,1238.5,4640
2022-11-16,16669.439453125,33925512989,1215.6025390625,11939561598,16285.0,7008,1187.5,5674
2022-11-17,16687.517578125,27868914022,1200.80859375,9723646871,16520.0,5977,1187.0,4327
2022-11-18,16697.77734375,26862218609,1212.30029296875,7979913378,16530.0,6052,1201.0,2852
2022-11-21,15787.2841796875,37429485518,1108.35302734375,14080099208,15690.0,12988,1097.5,7098
2022-11-22,16189.76953125,30726828760,1135.1734619140625,12040670755,16055.0,12763,1123.5,5871
2022-11-23,16610.70703125,32958875628,1183.1995849609375,11242676044,16610.0,9969,1175.5,4631
2022-11-25,16521.841796875,18678255976,1198.9259033203125,5483308196,16512.2890625,3599,1189.780029296875,3113
2022-11-28,16217.322265625,27743025156,1170.086181640625,7275411870,15990.0,6804,1153.5,4334
2022-11-29,16444.982421875,23581685468,1216.9012451171875,7639405818,16265.0,4649,1205.5,3728
2022-11-30,17168.56640625,29523576583,1295.6885986328125,9836925304,17080.0,8018,1292.5,6567
2022-12-01,16967.1328125,22895392882,1276.27392578125,6857935276,16820.0,6039,1265.5,3362
2022-12-02,17088.66015625,19539705127,1294.3033447265625,6213645709,16995.0,3869,1290.5,2344
2022-12-05,16974.826171875,22209086834,1259.6767578125,6120359523,16825.0,6335,1250.0,3576
2022-12-06,17089.50390625,19889922369,1271.65380859375,5089212680,16945.0,3720,1248.0,1265
2022-12-07,16848.126953125,19675404389,1232.4375,5752205180,16725.0,3966,1227.0,2440
2022-12-08,17233.474609375,20496603770,1281.1163330078125,6227269815,17185.0,7120,1277.0,3664
2022-12-09,17133.15234375,20328426366,1264.2847900390625,5706183865,17035.0,4444,1258.0,2297
2022-12-12,17206.4375,19617581341,1274.6190185546875,5151109364,17115.0,4191,1263.0,1963
2022-12-13,17781.318359375,26634741631,1320.5491943359375,8812883119,17745.0,9178,1315.5,5319
2022-12-14,17815.650390625,25534481470,1309.3287353515625,7830915428,17795.0,7805,1308.0,3725
2022-12-15,17364.865234375,20964448341,1266.3538818359375,6032859783,17395.0,5851,1269.5,3085
2022-12-16,16647.484375,24031608960,1168.2593994140625,9297811507,16775.0,7266,1199.0,5089
2022-12-19,16439.6796875,17221074814,1167.60986328125,4943628091,16495.0,4393,1169.0,2445
2022-12-20,16906.3046875,22722096615,1217.70361328125,6684951715,16840.0,5601,1210.0,4140
2022-12-21,16817.53515625,14882945045,1213.5999755859375,4217182733,16735.0,2295,1207.5,1551
2022-12-22,16830.341796875,16441573050,1218.18212890625,5297471739,16735.0,5529,1213.0,3154
2022-12-23,16796.953125,15329265213,1220.159423828125,4835831923,16780.0,5712,1217.5,2694
2022-12-27,16717.173828125,15748580239,1212.7916259765625,4091530737,16595.0,7685,1207.5,3074
2022-12-28,16552.572265625,17005713920,1189.986083984375,4991669631,16570.0,9933,1193.5,4428
2022-12-29,16642.341796875,14472237479,1201.5953369140625,4132233940,16585.0,6599,1197.0,2567
2022-12-30,16602.5859375,15929162910,1199.2327880859375,4055668253,16498.080078125,6062,1192.7099609375,2103
2023-01-03,16679.857421875,13903079207,1214.77880859375,3392972131,16615.0,4086,1204.5,2348
2023-01-04,16863.23828125,18421743322,1256.526611328125,6404416893,16780.0,7387,1249.0,6477
2023-01-05,16836.736328125,13692758566,1250.4385986328125,4001786456,16840.0,3408,1251.0,2081
2023-01-06,16951.96875,14413662913,1269.3790283203125,4977252792,16895.0,6144,1265.0,4131
2023-01-09,17196.5546875,18624736866,1321.5389404296875,7990438824,17225.0,7471,1320.5,5623
2023-01-10,17446.29296875,15808338949,1336.5860595703125,5830173253,17535.0,5068,1343.5,2587
2023-01-11,17934.896484375,18372283782,1387.9327392578125,6314904311,17615.0,4674,1342.5,2451
2023-01-12,18869.587890625,34971338710,1417.9384765625,12230193038,19155.0,14036,1437.0,7382
2023-01-13,19909.57421875,29225029694,1451.6148681640625,7684148212,19550.0,7033,1430.0,3941
2023-01-17,21161.51953125,24999983362,1567.8460693359375,7599462786,21485.0,12709,1588.5,8227
2023-01-18,20688.78125,30005625418,1515.5069580078125,10354880595,20800.0,13106,1521.5,9607
2023-01-19,21086.79296875,21152848261,1552.5565185546875,6432638856,21200.0,5319,1560.5,3252
2023-01-20,22676.552734375,28799154319,1659.754150390625,8528894754,22390.0,9472,1648.5,5318
2023-01-23,22934.431640625,26518700512,1628.2510986328125,8264507375,23090.0,10731,1637.0,4490
2023-01-24,22636.46875,26405069715,1556.604248046875,8180274691,23065.0,7975,1618.0,2893
2023-01-25,23117.859375,30685366709,1611.7110595703125,10598973448,22940.0,10974,1579.5,5480
2023-01-26,23032.77734375,26357839322,1603.10595703125,8395315241,23075.0,11146,1607.5,5188
2023-01-27,23078.728515625,25383335641,1598.156494140625,8124465373,23052.73046875,7950,1584.3599853515625,5229
2023-01-30,22840.138671875,27205595568,1567.3265380859375,9180418120,22825.0,5865,1559.0,5812
2023-01-31,23139.283203125,22837828665,1586.535400390625,6585191019,23250.0,3489,1596.5,3104
2023-02-01,23723.76953125,26683255504,1641.792724609375,8116969489,23755.0,5605,1644.5,4591
2023-02-02,23471.87109375,32066936882,1643.2415771484375,10558081069,24005.0,7693,1690.0,8124
2023-02-03,23449.322265625,27083066007,1664.74560546875,8169519805,23485.0,6471,1666.0,5480
2023-02-06,22760.109375,23825006542,1616.2470703125,6919871886,23110.0,4857,1655.5,4301
2023-02-07,23264.291015625,27187964471,1672.0035400390625,8030277434,23300.0,5725,1673.0,4846
2023-02-08,22939.3984375,25371367758,1650.716796875,7806089579,22885.0,5590,1648.0,4356
2023-02-09,21819.0390625,32572572185,1546.438232421875,10524969124,22010.0,10270,1579.0,7209
2023-02-10,21651.18359375,27078406594,1514.869140625,8397387897,21775.0,6154,1530.5,4217
2023-02-13,21808.1015625,23918742607,1507.1658935546875,9363855114,21710.0,7442,1490.5,6821
2023-02-14,22220.8046875,26792596581,1556.8751220703125,9249575045,22335.0,8590,1559.0,6224
2023-02-15,24307.841796875,32483312909,1673.7459716796875,10015035156,24250.0,10953,1671.0,6061
2023-02-16,23623.474609375,39316664596,1640.067626953125,12704861676,24640.0,16546,1687.5,8367
2023-02-17,24565.6015625,41358451255,1694.7833251953125,9802443159,24870.0,12414,1715.5,5484
2023-02-21,24436.353515625,31252098714,1658.036376953125,8721608198,24490.0,19029,1671.5,8803
2023-02-22,24188.84375,30199996781,1643.231689453125,9189387004,23800.0,13563,1616.5,6708
2023-02-23,23947.4921875,30476264066,1651.0738525390625,9013236167,23920.0,11773,1652.0,6544
2023-02-24,23198.126953125,26811744928,1608.3731689453125,8909129423,23576.05078125,12099,1618.219970703125,6366
2023-02-27,23522.87109375,22660763494,1634.326416015625,7239824677,23445.0,6664,1633.0,4353
2023-02-28,23147.353515625,20535363434,1605.8951416015625,6323676957,23410.0,4903,1638.5,2715
2023-03-01,23646.55078125,24662841200,1663.4337158203125,7701847224,23530.0,6343,1651.0,4537
2023-03-02,23475.466796875,20386398516,1647.3193359375,7080950926,23590.0,4721,1653.5,3602
2023-03-03,22362.6796875,26062404610,1569.1676025390625,9922240199,22320.0,12038,1560.5,6953
2023-03-06,22429.7578125,17353192895,1567.398681640625,5245153345,22390.0,4800,1563.5,2115
2023-03-07,22219.76953125,22765452204,1561.93310546875,6854058349,22070.0,6742,1549.5,3710
2023-03-08,21718.080078125,22536575684,1534.0882568359375,7130327525,22115.0,6280,1562.5,3947
2023-03-09,20363.021484375,30364664171,1438.6607666015625,9457897583,20065.0,14035,1412.0,8433
2023-03-10,20187.244140625,39578257695,1429.1580810546875,12665194936,19965.0,13496,1417.0,8257
2023-03-13,24197.533203125,49466362688,1680.3089599609375,15711468959,24405.0,28142,1684.0,14034
2023-03-14,24746.07421875,54622230164,1703.507080078125,16159781303,25240.0,16272,1732.0,8711
2023-03-15,24375.9609375,43655701450,1656.1805419921875,12715339905,24490.0,13885,1654.0,6469
2023-03-16,25052.7890625,33866061747,1677.2154541015625,9364980166,25090.0,6503,1689.0,3241
2023-03-17,27423.9296875,50730261335,1792.485107421875,12467445117,27000.0,12866,1753.0,5165
2023-03-20,27767.236328125,44774027664,1735.3212890625,10978325507,27945.0,9810,1764.0,4588
2023-03-21,28175.81640625,36102192830,1806.7607421875,10758627746,28310.0,6288,1802.0,5169
2023-03-22,27307.4375,33382021890,1737.717041015625,12484103560,26800.0,10975,1725.0,4941
2023-03-23,28333.97265625,24220433689,1816.4051513671875,11012966854,28550.0,11418,1831.0,6319
2023-03-24,27493.28515625,25980310960,1752.0447998046875,10913669383,27915.0,5845,1768.5,3960
2023-03-27,27139.888671875,18188895178,1715.4608154296875,8585750760,26980.0,11152,1705.0,4297
2023-03-28,27268.130859375,17783600385,1772.78564453125,8346890042,27455.0,9898,1787.5,3242
2023-03-29,28348.44140625,20684945906,1793.0018310546875,9136176952,28440.0,9845,1811.5,3134
2023-03-30,28033.5625,22435349951,1792.7371826171875,9724496987,27965.0,9730,1781.5,2957
2023-03-31,28478.484375,19001327598,1822.0220947265625,9149379763,28476.5,6392,1836.4300537109373,4100
2023-04-03,27790.220703125,19556501327,1810.297119140625,9643826401,28265.0,7861,1830.5,3928
2023-04-04,28168.08984375,15284538859,1871.005126953125,10398322335,28375.0,6996,1879.5,6207
2023-04-05,28177.984375,17052315986,1909.114013671875,10319231689,28385.0,8243,1921.5,4995
2023-04-06,28044.140625,13837809380,1872.922607421875,8263191830,28140.0,1295,1878.5,1009
2023-04-10,29652.98046875,19282400094,1911.20751953125,8380134275,29420.0,9746,1902.5,3578
2023-04-11,30235.05859375,20121259843,1892.189697265625,8877222956,30325.0,8509,1903.5,3659
2023-04-12,30139.052734375,18651929926,1920.68212890625,11010714187,29925.0,5859,1912.5,6750
2023-04-13,30399.06640625,17487721001,2012.6346435546875,12546950499,30530.0,5866,2026.5,8270
2023-04-14,30485.69921875,22659995079,2101.635498046875,16298099411,30470.0,7294,2100.5,7003
2023-04-17,29445.044921875,17872186762,2076.242919921875,9648882546,29550.0,6895,2088.5,2959
2023-04-18,30397.552734375,19480529496,2104.537353515625,9134015143,30325.0,5579,2087.5,3027
2023-04-19,28822.6796875,24571565421,1936.4034423828125,13779745451,29265.0,7617,1984.5,7039
2023-04-20,28245.98828125,21340360360,1943.09765625,11324135406,28095.0,7611,1928.0,5649
2023-04-21,27276.91015625,20759504330,1849.9998779296875,12044274581,27310.0,6273,1844.5,4639
2023-04-24,27525.33984375,17703288330,1842.7574462890625,8438191338,27400.0,7463,1832.5,3739
2023-04-25,28307.59765625,17733373139,1866.753662109375,8677255481,27605.0,7926,1839.0,3440
2023-04-26,28422.701171875,31854242019,1866.564208984375,14356524696,27900.0,14869,1828.5,6924
2023-04-27,29473.787109375,27153445027,1908.786376953125,14008145806,29690.0,11291,1922.5,4579
2023-04-28,29340.26171875,17544464887,1892.5128173828125,7691759733,29177.470703125,6022,1893.239990234375,3025
2023-05-01,28091.568359375,18655599976,1831.954833984375,8625783201,27915.0,8811,1819.0,3046
2023-05-02,28680.537109375,16432924527,1870.789306640625,7536785767,28850.0,7112,1873.5,2935
2023-05-03,29006.30859375,19122972518,1904.65185546875,8306390869,28415.0,6486,1872.5,2825
2023-05-04,28847.7109375,15548678514,1877.7041015625,6578438233,29015.0,6574,1878.5,2245
2023-05-05,29534.384765625,17936566518,1995.0609130859373,9498261360,29765.0,8255,2004.5,6233
2023-05-08,27694.2734375,19122903752,1849.042724609375,9895102899,27365.0,11968,1832.5,5386
2023-05-09,27658.775390625,14128593256,1848.6031494140625,6129516088,27770.0,4968,1854.5,1772
2023-05-10,27621.755859375,20656025026,1842.4014892578125,9945549603,27775.0,11878,1853.5,5317
2023-05-11,27000.7890625,16724343943,1796.4906005859375,8353828312,26845.0,7435,1785.5,4234
2023-05-12,26804.990234375,19313599897,1808.019775390625,9047198660,26485.0,7783,1792.0,3622
2023-05-15,27192.693359375,14413231792,1817.5499267578125,6748889346,27475.0,5914,1829.5,3327
2023-05-16,27036.650390625,12732238816,1824.1214599609373,5595959668,26965.0,4243,1818.0,2169
2023-05-17,27398.802734375,15140006925,1821.859619140625,6352161579,27430.0,6683,1830.5,3568
2023-05-18,26832.208984375,15222938600,1801.728515625,5673124255,26780.0,7836,1797.0,3158
2023-05-19,26890.12890625,11258983301,1812.5894775390625,4796110259,26885.0,5175,1814.0,2632
2023-05-22,26851.27734375,11056770492,1817.5347900390625,4534841049,26865.0,7447,1817.5,2501
2023-05-23,27225.7265625,13697203143,1854.380615234375,6820047160,27200.0,9455,1854.0,3626
2023-05-24,26334.818359375,16299104428,1800.0999755859375,7101647419,26225.0,13562,1791.0,4400
2023-05-25,26476.20703125,13851122697,1805.9537353515625,6321689859,26470.0,11838,1809.5,3530
2023-05-26,26719.291015625,12711619225,1828.689697265625,5451414258,26750.9296875,5519,1829.5899658203125,3215
2023-05-30,27702.349609375,13251081851,1901.026611328125,5363439784,28070.0,10217,1920.0,5049
2023-05-31,27219.658203125,15656371534,1874.1304931640625,5984512548,27075.0,9363,1870.0,2894
2023-06-01,26819.97265625,14678970415,1862.201416015625,5640027197,26925.0,5116,1875.0,2807
2023-06-02,27249.58984375,14837415000,1907.256591796875,6097746022,27385.0,7219,1917.0,2847
2023-06-05,25760.09765625,21513292646,1811.828369140625,9246593033,25640.0,14010,1810.5,6965
2023-06-06,27238.783203125,21929670693,1884.494873046875,8704411776,27265.0,14581,1908.0,7304
2023-06-07,26345.998046875,19530045082,1832.39599609375,7919894455,26610.0,7113,1859.0,3687
2023-06-08,26508.216796875,11904824295,1846.3018798828125,4536041931,26650.0,4011,1856.0,1727
2023-06-09,26480.375,11015551640,1840.2252197265625,4610831509,26475.0,4376,1836.0,2171
2023-06-12,25902.5,11677889997,1742.5286865234375,6031384958,25890.0,5095,1736.0,4408
2023-06-13,25918.728515625,14143474486,1739.03759765625,6214125203,25930.0,5185,1742.5,2840
2023-06-14,25124.67578125,14265717766,1650.519287109375,7462905534,25900.0,5866,1730.0,3720
2023-06-15,25576.39453125,15837384409,1665.519775390625,7328564880,25470.0,10605,1667.0,4168
2023-06-16,26327.462890625,16324646965,1716.6688232421875,6281023479,26445.0,10238,1723.5,3436
2023-06-20,28327.48828125,22211859147,1792.1199951171875,7171072578,28180.0,17218,1789.0,4734
2023-06-21,30027.296875,33346760979,1891.0072021484373,11731457711,30260.0,18504,1891.5,5407
2023-06-22,29912.28125,20653160491,1872.9429931640625,8477657143,30370.0,10153,1898.5,4080
2023-06-23,30695.46875,24115570085,1892.862060546875,8290615074,31120.0,12562,1914.0,4093
2023-06-26,30271.130859375,16493186997,1859.432861328125,8619702292,30315.0,9077,1857.5,3517
2023-06-27,30688.1640625,16428827944,1889.703369140625,7686042202,30705.0,10865,1896.5,3444
2023-06-28,30086.24609375,14571500779,1827.97119140625,7135265016,30110.0,11519,1833.0,3788
2023-06-29,30445.3515625,13180860821,1852.227294921875,5677228612,30550.0,11871,1858.0,2524
2023-06-30,30477.251953125,26387306197,1933.18896484375,12895131248,30128.509765625,19808,1851.1600341796875,8037
2023-07-03,31156.439453125,15271884873,1955.38916015625,7858509087,31700.0,6603,1990.5,3189
2023-07-05,30514.166015625,12481622280,1910.5880126953125,6034088075,30675.0,9567,1925.0,3929
2023-07-06,29909.337890625,21129219509,1848.636474609375,8905008384,30510.0,11172,1899.5,4144
2023-07-07,30342.265625,13384770155,1870.6025390625,6468885150,30370.0,6541,1875.0,2044
2023-07-10,30414.470703125,14828209155,1880.556396484375,6336468234,31055.0,5866,1911.0,2070
2023-07-11,30620.951171875,12151839152,1878.3360595703125,4905225892,30755.0,6161,1885.5,1636
2023-07-12,30391.646484375,14805659717,1872.11376953125,6379007000,30395.0,10377,1879.0,3003
2023-07-13,31476.048828125,23686079548,2006.511474609375,11114853969,31925.0,14992,2011.5,7853
2023-07-14,30334.068359375,20917902660,1939.3470458984373,10627449471,30235.0,11611,1922.5,5512
2023-07-17,30145.888671875,13240156074,1911.6461181640625,6678090758,29990.0,6236,1893.5,3750
2023-07-18,29856.5625,13138897269,1897.5992431640625,5814708445,29785.0,5773,1896.0,2851
2023-07-19,29913.923828125,12128602812,1889.0079345703125,6018487800,30105.0,5138,1913.0,2661
2023-07-20,29792.015625,14655207121,1890.9691162109373,7366830684,29765.0,9406,1890.5,4194
2023-07-21,29908.744140625,10972789818,1892.080078125,4668158260,29885.0,5304,1896.0,1949
2023-07-24,29176.916015625,15395817395,1850.0020751953125,6344373569,29105.0,13190,1851.0,3741
2023-07-25,29227.390625,10266772793,1857.741943359375,4163381707,29180.0,8133,1856.0,2875
2023-07-26,29354.97265625,13497554655,1872.159912109375,5781548155,29395.0,8174,1875.0,2757
2023-07-27,29210.689453125,10770779217,1860.357177734375,4291339248,29115.0,8850,1861.0,2258
2023-07-28,29319.24609375,11218474952,1874.744873046875,3800973336,29397.080078125,6829,1876.0999755859373,2915
2023-07-31,29230.111328125,11656781982,1856.162353515625,4391613314,29285.0,5498,1867.0,2892
2023-08-01,29675.732421875,18272392391,1871.7921142578125,7634860636,29440.0,10567,1858.0,4913
2023-08-02,29151.958984375,19212655598,1839.0897216796875,6448512422,29280.0,10812,1848.5,3828
2023-08-03,29178.6796875,12780357746,1835.136474609375,4710581074,29410.0,4673,1852.0,1748
2023-08-04,29074.091796875,12036639988,1827.712890625,4861242484,29090.0,5362,1837.0,2108
2023-08-07,29180.578125,13618163710,1826.9388427734373,5837881974,29255.0,6493,1829.5,2969
2023-08-08,29765.4921875,17570561357,1855.807373046875,5812855406,30075.0,10861,1867.5,3509
2023-08-09,29561.494140625,18379521213,1854.297607421875,5870081833,29510.0,7172,1855.0,2613
2023-08-10,29429.591796875,11865344789,1850.75341796875,3760304518,29495.0,4119,1855.0,1746
2023-08-11,29397.71484375,10195168197,1847.1243896484373,3353025102,29465.0,4910,1848.0,2003
2023-08-14,29408.443359375,14013695304,1844.185791015625,4083364724,29395.0,7834,1845.5,2327
2023-08-15,29170.34765625,12640195779,1826.9327392578125,4483923893,29225.0,4356,1830.5,2738
2023-08-16,28701.779296875,14949271904,1805.6590576171875,4976573383,29130.0,5150,1822.5,2088
2023-08-17,26664.55078125,31120851211,1684.9334716796875,14208462072,27850.0,14274,1739.0,4959
2023-08-18,26049.556640625,24026236529,1660.945068359375,9645084584,26020.0,11658,1656.0,4341
2023-08-21,26124.140625,13371557893,1667.26904296875,5077248383,26065.0,7374,1671.5,2588
2023-08-22,26031.65625,14503820706,1633.892578125,7244623133,25730.0,7666,1624.0,2919
2023-08-23,26431.640625,16985265785,1679.2744140625,7191868448,26640.0,12134,1687.0,4133
2023-08-24,26162.373046875,12871532023,1659.944580078125,5104531920,25995.0,8638,1648.0,2832
2023-08-25,26047.66796875,12406045118,1652.93505859375,5396997823,26003.359375,5998,1653.8800048828125,2776
2023-08-28,26106.150390625,11002805166,1652.4573974609375,4855588534,26090.0,3315,1650.0,2043
2023-08-29,27727.392578125,29368391712,1729.7257080078125,11304916729,28010.0,19905,1742.0,6603
2023-08-30,27297.265625,16343655235,1705.1121826171875,5023904190,27260.0,7293,1703.5,2874
2023-08-31,25931.47265625,20181001451,1645.63916015625,6593153505,26240.0,10310,1658.0,3565
2023-09-01,25800.724609375,17202862221,1628.4912109375,6104510092,25700.0,6918,1619.0,2852
2023-09-05,25779.982421875,11094740040,1633.62939453125,4417491902,25735.0,4758,1631.5,2554
2023-09-06,25753.236328125,12752705327,1632.2523193359375,4987397046,25705.0,5237,1629.5,3309
2023-09-07,26240.1953125,11088307100,1647.5982666015625,4907290296,25980.0,3776,1635.5,1344
2023-09-08,25905.654296875,10817356400,1636.1378173828125,4598495496,26005.0,6232,1634.5,2262
2023-09-11,25162.654296875,14600006467,1551.6376953125,7693700923,25030.0,8627,1536.0,4624
2023-09-12,25833.34375,18657279324,1592.429443359375,6813819740,26125.0,11268,1595.5,3574
2023-09-13,26228.32421875,13072077070,1607.988525390625,4979469106,26205.0,5247,1598.0,3004
2023-09-14,26539.673828125,13811359124,1626.974365234375,5538958553,26765.0,5968,1635.5,3248
2023-09-15,26608.693359375,11479735788,1641.640380859375,4348584771,26475.0,3990,1621.5,1906
2023-09-18,26754.28125,15615339655,1637.3470458984375,5916674789,26885.0,10480,1640.5,4230
2023-09-19,27211.1171875,13807690550,1643.544677734375,4405868861,27270.0,8349,1645.0,2740
2023-09-20,27132.0078125,13281116604,1622.890625,5156431986,26990.0,5569,1614.5,3494
2023-09-21,26567.6328125,13371443708,1584.3070068359375,5191732312,26635.0,6747,1589.5,3526
2023-09-22,26579.568359375,10578746709,1593.268310546875,3460791634,26545.0,3757,1592.5,2005
2023-09-25,26298.48046875,11997833257,1588.3228759765625,4394930984,26355.0,9696,1593.0,3575
2023-09-26,26217.25,9985498161,1593.417236328125,3544861160,26245.0,8234,1589.0,3452
2023-09-27,26352.716796875,11718380997,1597.4912109375,5533036096,26250.0,12318,1597.0,4917
2023-09-28,27021.546875,14079002707,1652.8826904296875,6658092168,27120.0,10622,1656.5,4391
2023-09-29,26911.720703125,10396435377,1667.94384765625,5529687537,26869.689453125,6417,1669.72998046875,4066
2023-10-02,27530.78515625,19793041322,1663.6275634765625,8420552922,28150.0,16751,1680.0,7013
2023-10-03,27429.978515625,11407814187,1656.6856689453125,4742827302,27385.0,8348,1655.0,3342
2023-10-04,27799.39453125,11143355314,1647.838134765625,5127524863,27775.0,5558,1646.0,3869
2023-10-05,27415.912109375,11877253670,1611.4764404296875,5403759057,27605.0,10419,1618.5,3813
2023-10-06,27946.59765625,13492391599,1645.83154296875,4941208729,28145.0,9349,1651.0,4051
2023-10-09,27583.677734375,12007668568,1579.806640625,7020801716,27735.0,7430,1581.5,6015
2023-10-10,27391.01953125,9973350678,1567.7130126953125,5254966125,27490.0,6128,1563.5,2916
2023-10-11,26873.3203125,13648094333,1566.2547607421875,5416504273,26800.0,10160,1560.5,3893
2023-10-12,26756.798828125,9392909295,1539.6124267578125,5003930677,26755.0,4426,1528.0,3770
2023-10-13,26862.375,15165312851,1552.0894775390625,4575141511,26840.0,4859,1543.5,2436
2023-10-16,28519.466796875,27833876539,1600.5343017578125,8846928526,28575.0,26787,1588.0,7746
2023-10-17,28415.748046875,14872527508,1565.4395751953125,5032686973,28620.0,6603,1562.5,2692
2023-10-18,28328.341796875,12724128586,1563.7498779296875,4354138855,28320.0,4733,1561.5,2418
2023-10-19,28719.806640625,14448058195,1567.45703125,5035110867,28900.0,7780,1568.0,3789
2023-10-20,29682.94921875,21536125230,1604.6668701171875,6747486127,29685.0,10080,1610.0,5461
2023-10-23,33086.234375,38363572311,1765.3826904296875,14362295879,31485.0,15576,1712.5,7719
2023-10-24,33901.52734375,44934999645,1784.4375,15888690475,33845.0,26556,1781.5,12192
2023-10-25,34502.8203125,25254318008,1787.3975830078125,9439066475,34840.0,13542,1794.5,6290
2023-10-26,34156.6484375,19427195376,1804.039306640625,11196672635,34065.0,11713,1794.0,5405
2023-10-27,33909.80078125,16418032871,1780.0452880859375,7493399771,33980.05078125,7077,1779.489990234375,4035
2023-10-30,34502.36328125,17184860315,1810.088623046875,7534051038,34765.0,6449,1817.0,4052
2023-10-31,34667.78125,15758270810,1816.458984375,6477922747,34905.0,5971,1830.5,2711
2023-11-01,35437.25390625,22446272005,1847.0897216796875,10628825648,34965.0,9752,1858.5,5563
2023-11-02,34938.2421875,20998158544,1800.6209716796875,9004197724,35300.0,10328,1827.5,5489
2023-11-03,34732.32421875,17158456701,1832.795166015625,7622864055,34805.0,6829,1833.0,2477
2023-11-06,35037.37109375,12693436420,1899.83740234375,8104122602,35320.0,5080,1909.0,5056
2023-11-07,35443.5625,18834737789,1888.124267578125,9203228152,36145.0,8038,1919.0,3586
2023-11-08,35655.27734375,17295394918,1889.3223876953125,6751627017,35895.0,7862,1911.5,3408
2023-11-09,36693.125,37762672382,2120.56103515625,24709695029,36805.0,16525,2054.5,11389
2023-11-10,37313.96875,22711265155,2078.289794921875,14740624457,37555.0,8283,2108.5,6854
2023-11-13,36502.35546875,19057712790,2055.265380859375,14322027970,36915.0,6819,2100.0,7420
2023-11-14,35537.640625,23857403554,1979.0526123046875,13087862495,35365.0,10502,1984.0,7093
2023-11-15,37880.58203125,27365821679,2060.408447265625,12626326991,37820.0,12335,2056.0,5217
2023-11-16,36154.76953125,26007385366,1960.881591796875,14651619483,36040.0,11861,1961.5,6426
2023-11-17,36596.68359375,22445028430,1961.28076171875,11881648738,36565.0,10400,1949.0,5765
2023-11-20,37476.95703125,20888209068,2022.2391357421875,12866464824,37615.0,15555,2039.5,8536
2023-11-21,35813.8125,25172163756,1937.0667724609373,13653500841,36920.0,17841,1992.5,8071
2023-11-22,37432.33984375,24397247860,2064.42529296875,13372200584,37655.0,11869,2078.0,5551
2023-11-23,37289.62109375,14214948217,2062.210693359375,7828437946,37220.0,11869,2067.5,5551
2023-11-24,37720.28125,22922957823,2081.152099609375,12141148820,38122.83984375,10216,2120.27001953125,5629
2023-11-27,37254.16796875,19002925720,2027.4173583984373,10574810069,37210.0,8695,2020.0,7290
2023-11-28,37831.0859375,21696137014,2049.338134765625,9910633038,38885.0,12491,2100.5,4812
2023-11-29,37858.4921875,20728546658,2029.92919921875,8945151861,38065.0,9088,2051.5,3696
2023-11-30,37712.74609375,18115982627,2052.55615234375,8107789163,38190.0,6891,2069.0,2563
2023-12-01,38688.75,23512784002,2087.139892578125,10866891430,39225.0,11744,2118.0,6314
2023-12-04,41980.09765625,39856129827,2243.2158203125,16149367134,42280.0,13276,2255.0,6640
2023-12-05,44080.6484375,36312154535,2293.841796875,15383072559,44290.0,10616,2292.0,7144
2023-12-06,43746.4453125,29909761586,2231.661376953125,12790612571,44215.0,9164,2275.5,3797
2023-12-07,43292.6640625,27635760671,2357.57958984375,14766891042,43700.0,7768,2371.0,7266
2023-12-08,44166.6015625,24421116687,2358.73193359375,12543458699,44910.0,7011,2389.5,4286
2023-12-11,41243.83203125,40632672038,2224.578857421875,17989249470,41035.0,14410,2213.0,6515
2023-12-12,41450.22265625,24779520132,2202.0380859375,11391132228,41455.0,6933,2197.0,4522
2023-12-13,42890.7421875,26797884674,2260.648681640625,12576395493,43210.0,7734,2276.0,5910
2023-12-14,43023.97265625,25578530178,2316.5791015625,12608711052,43140.0,8287,2305.0,6679
2023-12-15,41929.7578125,19639442462,2219.33740234375,10259157898,42440.0,6434,2261.0,3877
2023-12-18,42623.5390625,25224642008,2217.2734375,10366536490,42105.0,6931,2193.0,4176
2023-12-19,42270.52734375,23171001281,2177.87255859375,10619179629,42360.0,9272,2177.0,5687
2023-12-20,43652.25,27868908174,2201.911376953125,12652290807,43630.0,10587,2189.5,4457
2023-12-21,43869.15234375,22452766169,2239.54248046875,12616530536,43860.0,8472,2245.5,4379
2023-12-22,43997.90234375,21028503216,2326.52490234375,16137246310,43765.0,9107,2322.5,4670
2023-12-26,42520.40234375,30026850982,2231.46533203125,10668581464,42150.0,11155,2219.0,5195
2023-12-27,43442.85546875,25260941032,2378.739990234375,14161342927,43565.0,9099,2357.5,4875
2023-12-28,42627.85546875,22992093014,2347.566162109375,15660799060,42515.0,6585,2355.5,3164
2023-12-29,42099.40234375,26000021055,2300.690673828125,12536968996,42679.73828125,6815,2352.489990234375,5283
2024-01-02,44957.96875,39335274536,2355.83642578125,12910543630,45330.0,19344,2392.5,4877
2024-01-03,42848.17578125,46342323118,2210.761962890625,19332933581,43080.0,14998,2240.5,6808
2024-01-04,44179.921875,30448091210,2269.0380859375,11044564896,44630.0,8081,2297.0,4732
2024-01-05,44162.69140625,32336029347,2268.647216796875,10860953290,44385.0,6448,2268.5,3382
2024-01-08,46970.50390625,42746192015,2333.03271484375,13830287095,47305.0,13422,2361.5,6039
2024-01-09,46139.73046875,39821290992,2344.8271484375,14891130716,47045.0,13488,2266.5,6860
2024-01-10,46627.77734375,50114613298,2582.103515625,29042100476,46325.0,18562,2503.0,12243
2024-01-11,46368.5859375,45833734549,2619.619140625,22575246883,46350.0,26661,2603.5,8267
2024-01-12,42853.16796875,43332698900,2524.460205078125,23623839263,43690.0,19477,2572.5,8647
2024-01-16,43154.9453125,24062872740,2587.691162109375,11063317095,43295.0,14369,2596.5,7492
2024-01-17,42742.65234375,20851232595,2528.369384765625,10441017520,42810.0,7598,2547.0,5277
2024-01-18,41262.05859375,25218357242,2467.018798828125,11900028080,40880.0,13037,2450.0,5497
2024-01-19,41618.40625,25752407154,2489.49853515625,11405278376,41585.0,11085,2487.0,4577
2024-01-22,39507.3671875,31338708143,2310.826416015625,13923771728,40180.0,13318,2340.0,7326
2024-01-23,39845.55078125,29244553045,2240.68603515625,16182147521,39235.0,12701,2198.0,8936
2024-01-24,40077.07421875,22359526178,2233.561767578125,10134722960,39700.0,11877,2201.5,4271
2024-01-25,39933.80859375,18491782013,2217.710205078125,9302247037,39750.0,7377,2216.5,4229
2024-01-26,41816.87109375,25598119893,2267.19970703125,9975117607,41327.19140625,9966,2254.27001953125,3956
2024-01-29,43288.24609375,20668476578,2317.064208984375,8948195551,43530.0,7389,2318.5,2977
2024-01-30,42952.609375,23842814518,2344.49365234375,10173440062,43890.0,7256,2391.5,3838
2024-01-31,42582.60546875,24673628793,2282.54443359375,10807883277,42815.0,7804,2298.5,3774
2024-02-01,43075.7734375,21423953779,2303.82470703125,8895583113,43275.0,6568,2307.0,4138
2024-02-02,43185.859375,18603843039,2308.0380859375,7186143091,43185.0,4777,2307.5,3097
2024-02-05,42658.66796875,18715487317,2298.888916015625,7277068110,42555.0,6737,2299.5,3860
2024-02-06,43084.671875,16798476726,2372.201904296875,9520885493,43305.0,4921,2393.0,4643
2024-02-07,44318.22265625,21126587775,2423.7451171875,9660628536,44410.0,7443,2454.5,3462
2024-02-08,45301.56640625,26154524080,2419.906494140625,9941841732,45750.0,8758,2443.0,4101
2024-02-09,47147.19921875,39316770844,2487.515625,13634203177,47770.0,11047,2504.0,5602
2024-02-12,49958.22265625,34511985805,2658.115966796875,13022696866,50465.0,9063,2657.5,5476
2024-02-13,49742.44140625,35593051468,2642.185302734375,18271237044,49640.0,9230,2644.5,5778
2024-02-14,51826.6953125,39105608050,2777.90234375,21448973822,51990.0,10316,2784.0,5127
2024-02-15,51938.5546875,38564360533,2824.37890625,23734481937,51955.0,9406,2847.0,4137
2024-02-16,52160.203125,28180567298,2803.69140625,17057114638,52025.0,8909,2797.0,4457
2024-02-20,52284.875,33353758256,3013.503662109375,20341598470,52090.0,16703,2985.0,9247
2024-02-21,51839.1796875,28624907020,2970.35546875,18897136867,50955.0,12760,2908.5,5981
2024-02-22,51304.97265625,25413900611,2971.00732421875,18058908246,52040.0,9292,3011.5,5254
2024-02-23,50731.94921875,21427078270,2921.658203125,12822717059,50958.01171875,5157,2927.989990234375,4693
2024-02-26,54522.40234375,34074411896,3178.99365234375,17504464351,55290.0,11813,3238.5,5822
2024-02-27,57085.37109375,49756832031,3244.519287109375,21090315368,57620.0,13225,3298.0,4569
2024-02-28,62504.7890625,83239156760,3385.703857421875,32885894265,60870.0,24495,3334.0,8863
2024-02-29,61198.3828125,65496611844,3341.919677734375,28469171094,62760.0,18024,3444.0,5546
2024-03-01,62440.6328125,40186368423,3435.053955078125,16880101987,63825.0,10098,3497.5,3727
2024-03-04,68330.4140625,70670471105,3630.433837890625,26772963830,68480.0,14722,3632.5,4080
2024-03-05,63801.19921875,102802940877,3554.964599609375,47706899137,62425.0,24388,3429.5,8006
2024-03-06,66106.8046875,68750229073,3819.226318359375,34938642613,67760.0,13346,3907.5,4800
2024-03-07,66925.484375,46989543159,3874.34765625,22457177587,68365.0,8061,3975.0,2857
2024-03-08,68300.09375,59202881172,3892.06103515625,26135487051,69805.0,11249,3987.0,4297
2024-03-11,72123.90625,65716656765,4066.445068359375,28806262507,72660.0,12897,4073.5,4520
2024-03-12,71481.2890625,62554434520,3980.273193359375,26917010932,71800.0,13572,4006.0,4099
2024-03-13,73083.5,48212536929,4006.45703125,22028114691,73915.0,7789,4032.0,2530
2024-03-14,71396.59375,59594605698,3883.140380859375,25434810823,69600.0,12636,3797.5,3765
2024-03-15,69403.7734375,78320453976,3735.22021484375,33505075433,69165.0,15859,3706.0,4823
2024-03-18,67548.59375,49261579492,3517.985107421875,21162220224,67180.0,8669,3492.0,2881
2024-03-19,61912.7734375,74215844794,3157.6181640625,34166976701,64595.0,13848,3347.5,4068
2024-03-20,67913.671875,66792634382,3513.39306640625,36605316331,65990.0,13914,3387.0,8606
2024-03-21,65491.390625,44480350565,3492.9912109375,22213647922,65415.0,12956,3455.0,4475
2024-03-22,63778.76171875,41401116964,3333.68798828125,20574952329,63975.0,11341,3347.0,4024
2024-03-25,69958.8125,42700139523,3590.8837890625,18603921705,71130.0,17480,3647.0,5703
2024-03-26,69987.8359375,36010437368,3587.5048828125,18505553577,69440.0,13919,3560.0,4276
2024-03-27,69455.34375,40827113309,3500.115234375,18753082145,68635.0,10711,3487.0,5304
2024-03-28,70744.953125,34374900617,3561.2939453125,16419674157,71296.171875,7625,3584.530029296875,3286
2024-04-01,69702.1484375,34873527352,3505.030029296875,16002098681,70380.0,8077,3516.5,3130
2024-04-02,65446.97265625,50705240709,3277.234619140625,22076539151,66550.0,10550,3302.5,2942
2024-04-03,65980.8125,34488018367,3311.44189453125,16010734587,66305.0,6321,3343.5,2740
2024-04-04,68508.84375,34439527442,3330.04052734375,14476330517,68840.0,9226,3381.5,3259
2024-04-05,67837.640625,33748230056,3318.88525390625,15214447092,67755.0,7986,3337.0,2724
2024-04-08,71631.359375,37261432669,3695.292724609375,19055143129,72110.0,10264,3727.0,4356
2024-04-09,69139.015625,36426900409,3505.163330078125,18279773833,69355.0,9476,3530.5,4168
2024-04-10,70587.8828125,38318601774,3543.737060546875,16872482726,70410.0,10230,3535.0,3167
2024-04-11,70060.609375,30153382941,3505.247802734375,14076734489,70800.0,7179,3533.0,1754
2024-04-12,67195.8671875,44129299406,3243.034912109375,22104869556,67170.0,14415,3214.5,4756
2024-04-15,63426.2109375,43595917654,3101.600341796875,21925843181,63560.0,15198,3109.0,4242
2024-04-16,63811.86328125,42847528078,3084.920166015625,19441391169,62920.0,9645,3063.0,3775
2024-04-17,61276.69140625,41915247049,2984.7275390625,17711869375,61130.0,15392,3006.5,4630
2024-04-18,63512.75390625,36006307335,3066.027587890625,15183777035,63660.0,12012,3070.0,2483
2024-04-19,63843.5703125,49920425401,3059.278564453125,20399982867,64355.0,12735,3106.5,4430
2024-04-22,66837.6796875,28282686673,3201.652099609375,12063858733,66610.0,10176,3190.0,4101
2024-04-23,66407.2734375,24310975583,3219.91162109375,11054442653,66435.0,9402,3221.0,4260
2024-04-24,64276.8984375,30276655120,3139.80517578125,14000234760,63880.0,12369,3132.5,3695
2024-04-25,64481.70703125,32155786816,3156.509521484375,13989030260,64700.0,9830,3164.0,3144
2024-04-26,63755.3203125,24139372950,3130.164794921875,10622333862,64302.05078125,5338,3144.0400390625,2928
2024-04-29,63841.12109375,26635912073,3215.428955078125,15032246816,63450.0,6714,3200.5,2961
2024-04-30,60636.85546875,37840840057,3012.286865234375,18266894653,59400.0,12130,2929.5,5174
2024-05-01,58254.01171875,48439780271,2969.78466796875,20005057445,57355.0,12640,2933.0,4028
2024-05-02,59123.43359375,32711813559,2988.16845703125,13163903903,59765.0,7940,3010.5,2425
2024-05-03,62889.8359375,33172023048,3103.5419921875,12862183229,62590.0,8896,3095.5,3196
2024-05-06,63161.94921875,28697928697,3062.728759765625,13008587255,63585.0,6195,3086.5,2722
2024-05-07,62334.81640625,25930730982,3006.5771484375,11743187337,63365.0,3917,3063.0,2558
2024-05-08,61187.94140625,26088172222,2973.6572265625,11791662158,62460.0,4441,3005.0,2603
2024-05-09,63049.9609375,25453338161,3036.0205078125,10861947179,62840.0,4727,3031.0,2241
2024-05-10,60792.77734375,27804954694,2909.791259765625,12278653601,60950.0,9605,2903.5,5313
2024-05-13,62901.44921875,27889181179,2949.359619140625,13352264795,63480.0,8495,2967.0,3846
2024-05-14,61552.7890625,28186271527,2881.157958984375,12444516140,61835.0,5849,2901.0,3484
2024-05-15,66267.4921875,39815167074,3037.056640625,14666902956,66495.0,12434,3040.5,4045
2024-05-16,65231.58203125,31573077994,2945.131103515625,13035465176,65445.0,6307,2955.5,2874
2024-05-17,67051.875,28031279310,3094.11865234375,14449438097,67365.0,7980,3102.0,4078
2024-05-20,71448.1953125,43850655717,3663.85546875,31228143948,70435.0,9663,3459.5,7295
2024-05-21,70136.53125,46932005990,3789.312744140625,37643853967,69500.0,11094,3729.5,12747
2024-05-22,69122.3359375,32802561717,3737.2177734375,25155809461,69815.0,6283,3746.5,4502
2024-05-23,67929.5625,41895680979,3776.92724609375,45623656317,67205.0,10274,3794.5,7440
2024-05-24,68526.1015625,29197308153,3726.9345703125,22257061429,69475.0,9374,3755.0,6088
2024-05-28,68296.21875,32722265965,3840.25634765625,19846044324,68455.0,15960,3841.5,6974
2024-05-29,67578.09375,26707072906,3763.196533203125,17411416736,67185.0,7983,3748.0,4485
2024-05-30,68364.9921875,29509712534,3746.849609375,15065849797,68675.0,10686,3764.0,4164
2024-05-31,67491.4140625,27387283769,3760.026611328125,15290700646,67633.7265625,7435,3778.590087890625,4310
2024-06-03,68804.78125,32401285324,3766.38916015625,14082454300,69660.0,9361,3797.0,3079
2024-06-04,70567.765625,33149696545,3812.515869140625,13331489271,71085.0,8788,3832.0,2924
2024-06-05,71082.8203125,32810771409,3864.260986328125,15480034434,71890.0,6981,3913.5,4089
2024-06-06,70757.1640625,25223152007,3811.60595703125,13606583873,70960.0,5012,3820.0,2621
2024-06-07,69342.5859375,36188381096,3678.629150390625,18220286186,69755.0,11270,3709.5,5648
2024-06-10,69512.28125,20597699541,3666.717529296875,10377300126,69875.0,4482,3690.0,2483
2024-06-11,67332.03125,37116136345,3498.33056640625,19184721538,67735.0,10980,3508.0,6327
2024-06-12,68241.1875,34497940694,3559.61767578125,17142905351,67875.0,10968,3541.5,4018
2024-06-13,66756.3984375,28955204146,3469.28125,14472382154,66860.0,7277,3493.5,4330
2024-06-14,66011.09375,27403884779,3480.27197265625,15793876596,65640.0,6556,3410.0,2721
2024-06-17,66490.296875,30006354476,3511.37890625,17838856988,66865.0,7918,3563.5,5083
2024-06-18,65140.74609375,39481285950,3483.681396484375,21022514455,64475.0,9773,3427.0,3722
2024-06-20,64828.65625,25641109124,3511.0869140625,16115123753,65100.0,9083,3535.5,7452
2024-06-21,64096.19921875,26188171739,3516.07568359375,15933353456,64260.0,9351,3534.5,4154
2024-06-24,60277.4140625,43152133651,3350.25634765625,23137744903,59145.0,15686,3287.0,6514
2024-06-25,61804.640625,29201215431,3395.029052734375,13235546063,62055.0,13612,3417.0,5213
2024-06-26,60811.27734375,22506003064,3369.477294921875,11694054195,60940.0,9045,3408.0,4565
2024-06-27,61604.80078125,21231745045,3444.800537109375,11771834016,61365.0,6717,3444.5,4047
2024-06-28,60320.13671875,24952866877,3373.635986328125,12861158844,61024.23046875,8336,3424.949951171875,4149
2024-07-01,62851.98046875,25468379421,3440.341552734375,12281551839,63695.0,9316,3489.5,3437
2024-07-02,62029.015625,20151616992,3416.354736328125,9421757718,62185.0,6486,3421.5,2099
2024-07-03,60173.921875,29756701685,3292.916748046875,16121324440,59825.0,7862,3266.5,3776
2024-07-05,56662.375,55417544033,2981.5986328125,31131942647,56685.0,18530,2997.0,9708
2024-07-08,56705.09765625,39766159899,3018.73193359375,22627377457,56755.0,10642,3014.5,7175
2024-07-09,58009.2265625,27849512607,3064.032958984375,15269945822,58160.0,7065,3075.5,2901
2024-07-10,57742.49609375,26175260526,3102.21875,14578679176,57625.0,6654,3117.0,3321
2024-07-11,57344.9140625,28707803842,3100.330810546875,15230095766,57580.0,7909,3114.5,3064
2024-07-12,57899.46484375,25604805221,3134.15869140625,12751638331,57845.0,6811,3126.5,3328
2024-07-15,64870.15234375,38094526099,3489.552734375,18305490390,63700.0,13383,3422.5,4961
2024-07-16,65097.1484375,41617346768,3443.513427734375,20446664416,65450.0,11092,3490.0,3901
2024-07-17,64118.79296875,32525071311,3388.75244140625,16739123962,64730.0,8505,3426.5,2813
2024-07-18,63974.06640625,27239305337,3426.258544921875,15035622003,63650.0,7890,3412.5,3707
2024-07-19,66710.15625,37003855410,3505.73486328125,17705629736,67480.0,17385,3537.5,5459
2024-07-22,67585.25,42649109453,3440.419921875,18723199034,68340.0,13300,3505.5,5077
2024-07-23,65927.671875,35605668666,3481.995849609375,24468405650,65565.0,12316,3459.0,10219
2024-07-24,65372.1328125,27470942309,3336.33935546875,16040945448,65700.0,10505,3364.5,5882
2024-07-25,65777.2265625,38315761670,3174.42724609375,25293745810,64695.0,8955,3123.5,6090
2024-07-26,67912.0625,30488630457,3275.951416015625,15993893521,67414.7890625,8446,3241.75,3659
2024-07-29,66819.9140625,40780682628,3320.539306640625,18334852719,67860.0,12489,3336.5,3653
2024-07-30,66201.015625,31380492109,3278.667724609375,14045773047,66385.0,8097,3294.5,3140
2024-07-31,64619.25,31292785994,3231.295654296875,16135380637,65685.0,7240,3292.0,2847
2024-08-01,65357.5,40975554494,3201.564453125,20217639556,63790.0,11015,3155.0,2896
2024-08-02,61415.06640625,43060875727,2986.01318359375,21400241741,62945.0,11759,3025.0,3871
2024-08-05,53991.45703125,108991085584,2417.206298828125,67668132244,53770.0,30884,2424.5,13730
2024-08-06,56034.31640625,49300484106,2458.723876953125,26041995921,57145.0,11490,2509.0,4565
2024-08-07,55027.4609375,41637562185,2336.58935546875,24264218606,55000.0,9708,2362.5,3342
2024-08-08,61710.13671875,45298472567,2683.352783203125,23468291180,59695.0,11456,2586.5,3363
2024-08-09,60880.11328125,33425553115,2599.5986328125,17907141655,60990.0,8408,2602.0,3204
2024-08-12,59354.515625,37078637820,2724.431884765625,21653090666,59200.0,8516,2668.5,3240
2024-08-13,60609.56640625,30327698167,2703.671875,16383053029,61105.0,7446,2724.0,2806
2024-08-14,58737.26953125,29961696180,2662.914794921875,15825365408,59080.0,7782,2679.0,2805
2024-08-15,57560.09765625,35682112440,2570.087646484375,16345801912,57220.0,9285,2556.0,2641
2024-08-16,58894.10546875,29350938673,2593.1865234375,13275561555,59990.0,10524,2635.5,3383
2024-08-19,59493.453125,25911207712,2637.306396484375,11968963282,59200.0,6577,2616.0,2517
2024-08-20,59012.79296875,31613400008,2573.10693359375,13249483464,59670.0,10871,2607.0,3456
2024-08-21,61175.19140625,32731154072,2631.3955078125,12766015263,61730.0,8981,2657.5,3503
2024-08-22,60381.9140625,27625734377,2622.951416015625,10723280428,60350.0,9974,2608.5,3184
2024-08-23,64094.35546875,42530509233,2764.447021484375,16857181970,63815.0,19987,2757.0,5735
2024-08-26,62880.66015625,27682040631,2681.340576171875,12282035835,63330.0,11300,2681.0,4377
2024-08-27,59504.1328125,39103882198,2458.7265625,18028996056,62055.0,11849,2581.5,4640
2024-08-28,59027.625,40289564698,2528.41552734375,20359545410,58950.0,13769,2507.0,5211
2024-08-29,59388.1796875,32224990582,2528.792724609375,13946434277,59275.0,9497,2530.0,3580
2024-08-30,59119.4765625,32292756405,2525.822021484375,15526218255,59165.640625,9451,2499.679931640625,3823
2024-09-03,57431.0234375,26666961053,2420.603759765625,11406800197,58240.0,11642,2455.5,4109
2024-09-04,57971.5390625,35627680312,2448.97705078125,16709600747,58355.0,10982,2466.5,3397
2024-09-05,56160.48828125,31030280656,2367.737548828125,13632325040,56215.0,10653,2372.0,2131
2024-09-06,53948.75390625,49361693566,2223.87646484375,25825618367,53695.0,14268,2228.5,4425
2024-09-09,57019.53515625,34618096173,2358.482177734375,15887712451,57410.0,14268,2360.5,4425
2024-09-10,57648.7109375,28857630507,2389.5810546875,12795818970,58195.0,6715,2392.5,2055
2024-09-11,57343.171875,37049062672,2339.841552734375,15355180967,57860.0,12196,2351.5,3635
2024-09-12,58127.01171875,33835707949,2361.78173828125,12162634681,58580.0,7146,2369.0,1832
2024-09-13,60571.30078125,32490528356,2441.607177734375,13759640866,59935.0,9727,2428.0,3468
2024-09-16,58192.5078125,32032822113,2295.28369140625,16819033263,57985.0,9573,2277.5,4550
2024-09-17,60308.5390625,38075570118,2341.707763671875,15356783863,60105.0,14607,2358.0,3820
2024-09-18,61649.6796875,40990702891,2369.72900390625,18159056422,60140.0,10263,2317.0,3376
2024-09-19,62940.45703125,42710252573,2464.752197265625,18437147349,63415.0,11001,2466.5,4468
2024-09-20,63192.9765625,35177164222,2561.072021484375,19112788620,62935.0,10825,2545.0,3755
2024-09-23,63329.80078125,31400285425,2648.54638671875,19912841456,63360.0,10084,2675.0,5437
2024-09-24,64301.96875,29938335243,2654.35498046875,16658812503,64460.0,12625,2656.0,4740
2024-09-25,63143.14453125,25078377700,2579.388671875,14119729962,63200.0,10119,2571.5,4737
2024-09-26,65181.01953125,36873129847,2632.199951171875,17336033595,64735.0,11420,2651.0,3958
2024-09-27,65790.6640625,32058813449,2695.900634765625,17023020294,66196.90625,10156,2680.739990234375,3974
2024-09-30,63329.5,37112957475,2603.062744140625,17826446789,63745.0,12426,2609.5,3136
2024-10-01,60837.0078125,50220923500,2448.921142578125,25482371785,61965.0,13503,2496.0,4677
2024-10-02,60632.78515625,40762722398,2365.231689453125,20148256472,60430.0,9309,2381.5,3836
2024-10-03,60759.40234375,36106447279,2349.791259765625,18051447791,61295.0,6977,2361.0,3653
2024-10-04,62067.4765625,29585472513,2414.7939453125,14879264082,62715.0,7563,2440.5,3973
2024-10-07,62236.66015625,34253562610,2421.796630859375,17414044416,63560.0,8352,2451.0,3707
2024-10-08,62131.96875,28134475157,2439.8408203125,14067361080,62400.0,6539,2446.0,2496
2024-10-09,60582.1015625,27670982363,2368.283447265625,14954047093,61115.0,6181,2423.0,3539
2024-10-10,60274.5,30452813570,2383.85791015625,15327769940,59795.0,8549,2370.5,3293
2024-10-11,62445.08984375,30327141594,2436.513427734375,13489061564,63305.0,12263,2466.0,3358
2024-10-14,66046.125,43706958056,2628.89990234375,21434687898,66145.0,13384,2632.5,4492
2024-10-15,67041.109375,48863870879,2606.02197265625,22003780898,67220.0,15057,2599.5,6224
2024-10-16,67612.71875,38195189534,2611.10205078125,17012396419,67925.0,8332,2624.0,2738
2024-10-17,67399.8359375,32790898511,2604.2734375,15150712321,66905.0,7484,2599.0,3466
2024-10-18,68418.7890625,36857165014,2641.55224609375,17043738652,68785.0,12552,2658.5,4974
2024-10-21,67367.8515625,37498611780,2665.712158203125,17328615363,67790.0,14146,2684.0,5523
2024-10-22,67361.40625,31808472566,2620.197509765625,15541911074,67490.0,10746,2629.0,4479
2024-10-23,66432.1953125,32263980353,2509.098876953125,17876984551,66360.0,12272,2508.5,5861
2024-10-24,68161.0546875,31414428647,2534.49853515625,16128627601,68215.0,6809,2535.5,3188
2024-10-25,66642.4140625,41469984306,2435.93408203125,22560233078,68430.5078125,10944,2547.830078125,4317
2024-10-28,69907.7578125,38799856657,2565.34814453125,18971841402,70300.0,8448,2524.5,3850
2024-10-29,72720.4921875,58541874402,2637.95751953125,22185845095,73340.0,13100,2658.0,5603
2024-10-30,72339.5390625,40646637831,2657.37255859375,22382690746,72535.0,7999,2679.5,4699
2024-10-31,70215.1875,40627912076,2515.79931640625,19760409505,70465.0,11205,2528.5,5944
2024-11-01,69482.46875,49989795365,2511.885498046875,20215438328,69730.0,11898,2530.5,4860
2024-11-04,67811.5078125,41184819348,2397.0263671875,17110200696,67680.0,10301,2433.5,4118
2024-11-05,69359.5625,46046889204,2422.650634765625,17894057485,69860.0,8871,2440.0,4485
2024-11-06,75639.078125,118592653963,2724.169189453125,41887574364,76875.0,29081,2719.5,10880
2024-11-07,75904.859375,63467654989,2895.58544921875,35352318438,77180.0,11723,2935.5,9842
2024-11-08,76545.4765625,55176858003,2962.296630859375,32303261101,77360.0,10585,2970.0,7604
2024-11-11,88701.484375,117966845037,3374.81298828125,55417771668,87735.0,22345,3395.0,12874
2024-11-12,87955.8125,133673285375,3246.25732421875,56686078066,90090.0,21811,3312.5,10511
2024-11-13,90584.1640625,123559027869,3192.595947265625,52010205682,90255.0,20471,3189.0,8866
2024-11-14,87250.4296875,87616705248,3058.94873046875,35743352141,87920.0,12045,3116.0,6180
2024-11-15,91066.0078125,78243109518,3103.04052734375,32701369872,91985.0,12201,3109.0,4681
2024-11-18,90542.640625,75535775084,3207.8564453125,35445557613,92060.0,12505,3175.0,7246
2024-11-19,92343.7890625,74521048295,3111.384033203125,29823634432,93060.0,14591,3120.5,5203
2024-11-20,94339.4921875,71730956426,3072.18798828125,29785491216,94740.0,13156,3087.5,7060
2024-11-21,98504.7265625,106024505582,3361.053955078125,51619069348,98735.0,20641,3380.0,11572
2024-11-22,98997.6640625,78473580551,3331.600830078125,36775716442,99485.0,17264,3306.5,9034
2024-11-25,93102.296875,80909462490,3413.5439453125,51544793988,94945.0,18093,3511.5,14501
2024-11-26,91985.3203125,91656519855,3326.517333984375,39902959158,90995.0,15780,3327.0,10458
2024-11-27,95962.53125,71133452438,3657.249267578125,43383987191,96785.0,10755,3641.0,9680
2024-11-29,97461.5234375,54968682476,3593.494384765625,27622629486,98339.7578125,9278,3629.68994140625,5566
